variable,count,mean,std,min,25%,50%,75%,max,original
dummy1,1000.0,0.0006548238834797793,0.01029720324113911,-0.03538733698268,-0.005663074062047325,0.0010707708618964001,0.00761695629284805,0.03350279533851,-0.0122236634795385
dummy2,1000.0,0.00011600791054227884,0.011399214668280965,-0.0380247206026673,-0.007893932012787926,0.00015296700407135,0.007625291281425551,0.0415088150888038,0.00239900532166
x1,1000.0,0.1387734833913477,3.022204526011304,-10.574809959571803,-1.6884953159637321,0.1427558811793466,1.9290658171774726,28.20403087315629,28.20403087315629
x2,1000.0,0.2278929011786526,7.943059238473052,-23.806805697057275,-5.007879222494154,0.2933658624094502,5.580674704981837,75.05186315134527,75.05186315134527
x3,1000.0,-0.029105695784876612,1.8893366870316572,-6.111176140599213,-1.358821709540102,-0.04718503572096225,1.1629617501791052,17.753905974163338,17.753905974163338
